<?xml version="1.0" encoding="UTF-8"?>
<root
  xmlns:xsi="http://www.w3.org/2001/XMLSchema-instance"
  xsi:noNamespaceSchemaLocation="../schemas/schema-2.xsd">

    <producers>
        <producer>
            <id>tatra</id>
            <legalName xml:lang="cs">TATRA TRUCKS a.s.</legalName>
            <vehicles>
                <vehicle>
                    <capacity>23</capacity>
                    <consumption>42</consumption>
                    <purchasePrice>523147</purchasePrice>
                    <bus>
                        <id>1</id>
                        <licensePlateNumber>4A2 7983</licensePlateNumber>
                    </bus>
                </vehicle>

                <vehicle>
                    <capacity>5</capacity>
                    <consumption>10</consumption>
                    <purchasePrice>65000</purchasePrice>
                    <bus>
                        <id>2</id>
                        <licensePlateNumber>5T1 9876</licensePlateNumber>
                    </bus>
                </vehicle>

                <vehicle>
                    <capacity>123</capacity>
                    <consumption>300</consumption>
                    <purchasePrice>200000</purchasePrice>
                    <train>
                        <id>3</id>
                        <electricMotor>false</electricMotor>
                        <europeanVehicleNumber>EW 40 672</europeanVehicleNumber>
                    </train>
                </vehicle>
            </vehicles>
        </producer>

        <producer>
            <id>man</id>
            <legalName xml:lang="de">Maschinenfabrik Augsburg-Nürnberg</legalName>
            <vehicles>
                <vehicle>
                    <capacity>54</capacity>
                    <consumption>98</consumption>
                    <purchasePrice>123000</purchasePrice>
                    <bus>
                        <id>3</id>
                        <licensePlateNumber>6M4 1426</licensePlateNumber>
                    </bus>
                </vehicle>
            </vehicles>
        </producer>

        <producer>
            <id>siemens</id>
            <legalName xml:lang="de">Siemens AG</legalName>
            <vehicles>
                <vehicle>
                    <capacity>30</capacity>
                    <consumption>500</consumption>
                    <purchasePrice>550000</purchasePrice>
                    <train>
                        <id>1</id>
                        <electricMotor>true</electricMotor>
                        <europeanVehicleNumber>B 228 FK</europeanVehicleNumber>
                    </train>
                </vehicle>
            </vehicles>
        </producer>

        <producer>
            <id>bombardier</id>
            <legalName xml:lang="en">Bombardier Inc.</legalName>
            <vehicles>
                <vehicle>
                    <capacity>100</capacity>
                    <consumption>1000</consumption>
                    <purchasePrice>1000000</purchasePrice>
                    <train>
                        <id>2</id>
                        <electricMotor>true</electricMotor>
                        <europeanVehicleNumber>CGI 964</europeanVehicleNumber>
                    </train>
                </vehicle>
            </vehicles>
        </producer>
    </producers>

    <stations>
        <station>
            <id>1</id>
            <stationName xml:lang="cs">Heřmánky</stationName>
            <capacity>50</capacity>
            <kind>Train</kind>
            <serves>
                <stop>
                    <id>1</id>
                    <gps>49.7134667N, 17.7582722E</gps>
                    <arrivalTime>12:00:00</arrivalTime>
                    <departureTime>12:01:00</departureTime>
                    <followedBy>2</followedBy>
                </stop>
            </serves>
        </station>

        <station>
            <id>2</id>
            <stationName xml:lang="cs">Vítkov</stationName>
            <capacity>40</capacity>
            <kind>Train</kind>
            <serves>
                <stop>
                    <id>2</id>
                    <gps>49.7741814N, 17.7475375E</gps>
                    <arrivalTime>12:05:00</arrivalTime>
                    <departureTime>12:06:00</departureTime>
                    <followedBy>3</followedBy>
                </stop>
            </serves>
        </station>

        <station>
            <id>3</id>
            <stationName xml:lang="cs">Jakubčovice nad Odrou</stationName>
            <capacity>60</capacity>
            <kind>Train</kind>
            <serves>
                <stop>
                    <id>3</id>
                    <gps>49.6969069N, 17.7886239E</gps>
                    <arrivalTime>12:10:00</arrivalTime>
                    <departureTime>12:11:00</departureTime>
                </stop>
            </serves>
        </station>

        <station>
            <id>4</id>
            <stationName xml:lang="cs">Oderská</stationName>
            <capacity>30</capacity>
            <kind>Bus</kind>
            <serves>
                <stop>
                    <id>4</id>
                    <gps>49.6952592N, 17.7879486E</gps>
                    <arrivalTime>11:00:00</arrivalTime>
                    <departureTime>11:01:00</departureTime>
                    <followedBy>5</followedBy>
                </stop>
            </serves>
        </station>

        <station>
            <id>5</id>
            <stationName xml:lang="cs">Budišovská</stationName>
            <capacity>20</capacity>
            <kind>Bus</kind>
            <serves>
                <stop>
                    <id>5</id>
                    <gps>49.7067069N, 17.7684325E</gps>
                    <arrivalTime>11:05:00</arrivalTime>
                    <departureTime>11:06:00</departureTime>
                    <followedBy>6</followedBy>
                </stop>
            </serves>
        </station>

        <station>
            <id>6</id>
            <stationName xml:lang="cs">Spojovací</stationName>
            <capacity>45</capacity>
            <kind>Bus</kind>
            <serves>
                <stop>
                    <id>6</id>
                    <gps>49.7760583N, 17.7494736E</gps>
                    <arrivalTime>11:10:00</arrivalTime>
                    <departureTime>11:11:00</departureTime>
                </stop>
            </serves>
        </station>

        <station>
            <id>7</id>
            <stationName xml:lang="cs">Malostranské náměstí</stationName>
            <capacity>120</capacity>
            <kind>Train</kind>
            <serves>
                <stop>
                    <id>7</id>
                    <gps>45.0034761N, 14.2635348E</gps>
                    <arrivalTime>10:00:00</arrivalTime>
                    <departureTime>10:01:00</departureTime>
                    <followedBy>8</followedBy>
                </stop>
            </serves>
        </station>

        <station>
            <id>8</id>
            <stationName xml:lang="cs">Doliny</stationName>
            <capacity>5</capacity>
            <kind>Train</kind>
            <serves>
                <stop>
                    <id>8</id>
                    <gps>50.0916890N, 14.4438130E</gps>
                    <arrivalTime>10:05:00</arrivalTime>
                    <departureTime>10:06:00</departureTime>
                    <followedBy>9</followedBy>
                </stop>
            </serves>
        </station>

        <station>
            <id>9</id>
            <stationName xml:lang="cs">Budějovická</stationName>
            <capacity>170</capacity>
            <kind>Train</kind>
            <serves>
                <stop>
                    <id>9</id>
                    <gps>50.1004810N, 14.4645900E</gps>
                    <arrivalTime>10:10:00</arrivalTime>
                    <departureTime>10:11:00</departureTime>
                    <followedBy>10</followedBy>
                </stop>
            </serves>
        </station>

        <station>
            <id>10</id>
            <stationName xml:lang="cs">Na Vrstevnici</stationName>
            <capacity>35</capacity>
            <kind>Bus</kind>
            <serves>
                <stop>
                    <id>10</id>
                    <gps>50.1083880N, 14.4757450E</gps>
                    <arrivalTime>10:15:00</arrivalTime>
                    <departureTime>10:16:00</departureTime>
                </stop>
            </serves>
        </station>

        <station>
            <id>11</id>
            <stationName xml:lang="cs">Sídliště Novodvorská</stationName>
            <capacity>25</capacity>
            <kind>Bus</kind>
            <serves>
                <stop>
                    <id>11</id>
                    <gps>50.1083880N, 14.4757450E</gps>
                    <arrivalTime>14:00:00</arrivalTime>
                    <departureTime>14:01:00</departureTime>
                    <followedBy>12</followedBy>
                </stop>
                <stop>
                    <id>13</id>
                    <gps>50.1083880N, 14.4757450E</gps>
                    <arrivalTime>15:00:00</arrivalTime>
                    <departureTime>15:01:00</departureTime>
                    <followedBy>14</followedBy>
                </stop>
            </serves>
        </station>

        <station>
            <id>12</id>
            <stationName xml:lang="cs">Limuzská</stationName>
            <capacity>80</capacity>
            <kind>Bus</kind>
            <serves>
                <stop>
                    <id>12</id>
                    <gps>50.1004810N, 14.4645900E</gps>
                    <arrivalTime>14:05:00</arrivalTime>
                    <departureTime>14:06:00</departureTime>
                </stop>
                <stop>
                    <id>14</id>
                    <gps>50.1004810N, 14.4645900E</gps>
                    <arrivalTime>15:05:00</arrivalTime>
                    <departureTime>15:07:00</departureTime>
                </stop>
            </serves>
        </station>
    </stations>

</root>
