<?xml version="1.0" encoding="UTF-8"?>
<root
  xmlns:xsi="http://www.w3.org/2001/XMLSchema-instance"
  xsi:noNamespaceSchemaLocation="../schemas/schema-1.xsd">

<agency>
    <id>leo</id>
    <legalName xml:lang="en">Leo Express</legalName>
    <email>mailto:info@leoexpress.com</email>
    <phone>tel:+420-543-140-738</phone>
    <owns>
        <vehicle>
            <capacity>100</capacity>
            <consumption>1000</consumption>
            <purchasePrice>1000000</purchasePrice>
            <train>
                <id>2</id>
                <electricMotor>true</electricMotor>
                <europeanVehicleNumber>CGI 964</europeanVehicleNumber>
            </train>
        </vehicle>
        <vehicle>
            <capacity>123</capacity>
            <consumption>300</consumption>
            <purchasePrice>200000</purchasePrice>
            <train>
                <id>3</id>
                <electricMotor>false</electricMotor>
                <europeanVehicleNumber>EW 40 672</europeanVehicleNumber>
            </train>
            <rides>
                <connection>
                    <id>137-1</id>
                    <belongsTo>
                        <transitRoute>
                            <id>137</id>
                            <length>12.2</length>
                            <validFrom>2021-12-13</validFrom>
                            <validTo>2022-12-12</validTo>
                            <startsWith>
                                <station>
                                    <id>11</id>
                                    <stationName xml:lang="cs">Sídliště Novodvorská</stationName>
                                    <capacity>25</capacity>
                                    <kind>Bus</kind>
                                </station>
                            </startsWith>
                            <endsWith>
                                <station>
                                    <id>12</id>
                                    <stationName xml:lang="cs">Limuzská</stationName>
                                    <capacity>80</capacity>
                                    <kind>Bus</kind>
                                </station>
                            </endsWith>
                        </transitRoute>
                    </belongsTo>
                    <connects>
                        <stop>
                            <id>11</id>
                            <gps>50.1083880N, 14.4757450E</gps>
                            <arrivalTime>14:00:00</arrivalTime>
                            <departureTime>14:01:00</departureTime>
                        </stop>
                        <stop>
                            <id>12</id>
                            <gps>50.1004810N, 14.4645900E</gps>
                            <arrivalTime>14:05:00</arrivalTime>
                            <departureTime>14:06:00</departureTime>
                        </stop>
                    </connects>
                </connection>
            </rides>
        </vehicle>
    </owns>
</agency>

<agency>
    <id>dpp</id>
    <legalName xml:lang="cs">Dopravní podnik hl. m. Prahy</legalName>
    <email>mailto:info@dpp.cz</email>
    <phone>tel:+420-640-921-554</phone>
    <owns>
        <vehicle>
            <capacity>5</capacity>
            <consumption>10</consumption>
            <purchasePrice>65000</purchasePrice>
            <bus>
                <id>2</id>
                <licensePlateNumber>5T1 9876</licensePlateNumber>
            </bus>
            <rides>
                <connection>
                    <id>9-1</id>
                    <belongsTo>
                        <transitRoute>
                            <id>9</id>
                            <length>37.0</length>
                            <validFrom>2005-10-01</validFrom>
                            <validTo>2025-09-25</validTo>
                            <startsWith>
                                <station>
                                    <id>4</id>
                                    <stationName xml:lang="cs">Oderská</stationName>
                                    <capacity>30</capacity>
                                    <kind>Bus</kind>
                                </station>
                            </startsWith>
                            <endsWith>
                                <station>
                                    <id>6</id>
                                    <stationName xml:lang="cs">Spojovací</stationName>
                                    <capacity>45</capacity>
                                    <kind>Bus</kind>
                                </station>
                            </endsWith>
                        </transitRoute>
                    </belongsTo>
                    <connects>
                        <stop>
                            <id>4</id>
                            <gps>49.6952592N, 17.7879486E</gps>
                            <arrivalTime>11:00:00</arrivalTime>
                            <departureTime>11:01:00</departureTime>
                        </stop>
                        <stop>
                            <id>5</id>
                            <gps>49.7067069N, 17.7684325E</gps>
                            <arrivalTime>11:05:00</arrivalTime>
                            <departureTime>11:06:00</departureTime>
                        </stop>
                        <stop>
                            <id>6</id>
                            <gps>49.7760583N, 17.7494736E</gps>
                            <arrivalTime>11:10:00</arrivalTime>
                            <departureTime>11:11:00</departureTime>
                        </stop>
                    </connects>
                </connection>
            </rides>
        </vehicle>
        <vehicle>
            <capacity>30</capacity>
            <consumption>500</consumption>
            <purchasePrice>550000</purchasePrice>
            <train>
                <id>1</id>
                <electricMotor>true</electricMotor>
                <europeanVehicleNumber>B 228 FK</europeanVehicleNumber>
            </train>
            <rides>
                <connection>
                    <id>1-1</id>
                    <belongsTo>
                        <transitRoute>
                            <id>1</id>
                            <length>120.5</length>
                            <validFrom>2015-01-01</validFrom>
                            <validTo>2020-12-31</validTo>
                            <startsWith>
                                <station>
                                    <id>1</id>
                                    <stationName xml:lang="cs">Heřmánky</stationName>
                                    <capacity>50</capacity>
                                    <kind>Train</kind>
                                </station>
                            </startsWith>
                            <endsWith>
                                <station>
                                    <id>3</id>
                                    <stationName xml:lang="cs">Jakubčovice nad Odrou</stationName>
                                    <capacity>60</capacity>
                                    <kind>Train</kind>
                                </station>
                            </endsWith>
                        </transitRoute>
                    </belongsTo>
                    <connects>
                        <stop>
                            <id>1</id>
                            <gps>49.7134667N, 17.7582722E</gps>
                            <arrivalTime>12:00:00</arrivalTime>
                            <departureTime>12:01:00</departureTime>
                        </stop>
                        <stop>
                            <id>2</id>
                            <gps>49.7741814N, 17.7475375E</gps>
                            <arrivalTime>12:05:00</arrivalTime>
                            <departureTime>12:06:00</departureTime>
                        </stop>
                        <stop>
                            <id>3</id>
                            <gps>49.6969069N, 17.7886239E</gps>
                            <arrivalTime>12:10:00</arrivalTime>
                            <departureTime>12:11:00</departureTime>
                        </stop>
                    </connects>
                </connection>
            </rides>
        </vehicle>
    </owns>
</agency>

<agency>
    <id>student</id>
    <legalName xml:lang="en">Student Agency</legalName>
    <email>mailto:info@studentagency.cz</email>
    <phone>tel:+420-630-784-245</phone>
    <owns>
        <vehicle>
            <capacity>54</capacity>
            <consumption>98</consumption>
            <purchasePrice>123000</purchasePrice>
            <bus>
                <id>3</id>
                <licensePlateNumber>6M4 1426</licensePlateNumber>
            </bus>
            <rides>
                <connection>
                    <id>37-1</id>
                    <belongsTo>
                        <transitRoute>
                            <id>37</id>
                            <length>11.6</length>
                            <validFrom>2021-12-10</validFrom>
                            <validTo>2022-12-12</validTo>
                            <startsWith>
                                <station>
                                    <id>7</id>
                                    <stationName xml:lang="cs">Malostranské náměstí</stationName>
                                    <capacity>120</capacity>
                                    <kind>Train</kind>
                                </station>
                            </startsWith>
                            <endsWith>
                                <station>
                                    <id>10</id>
                                    <stationName xml:lang="cs">Na Vrstevnici</stationName>
                                    <capacity>35</capacity>
                                    <kind>Bus</kind>
                                </station>
                            </endsWith>
                        </transitRoute>
                    </belongsTo>
                    <connects>
                        <stop>
                            <id>7</id>
                            <gps>45.0034761N, 14.2635348E</gps>
                            <arrivalTime>10:00:00</arrivalTime>
                            <departureTime>10:01:00</departureTime>
                        </stop>
                        <stop>
                            <id>8</id>
                            <gps>50.0916890N, 14.4438130E</gps>
                            <arrivalTime>10:05:00</arrivalTime>
                            <departureTime>10:06:00</departureTime>
                        </stop>
                        <stop>
                            <id>9</id>
                            <gps>50.1004810N, 14.4645900E</gps>
                            <arrivalTime>10:10:00</arrivalTime>
                            <departureTime>10:11:00</departureTime>
                        </stop>
                        <stop>
                            <id>10</id>
                            <gps>50.1083880N, 14.4757450E</gps>
                            <arrivalTime>10:15:00</arrivalTime>
                            <departureTime>10:16:00</departureTime>
                        </stop>
                    </connects>
                </connection>
            </rides>
        </vehicle>
    </owns>
</agency>

</root>
